Type,Parent SKU,SKU,Name,Regular price,Images,Woo Variation Gallery Images,Attribute 1 name,Attribute 1 value(s),Package Weight,Package Weight Unit,Items per Inner Pack,Number of Boxes,vva_values_json
variation,ECC001AC,ECC001ACAN,EnduraCore Composite Center Circle Arts & Crafts Shutters,40,"https://images.architecturalinfo.com/images/id/zoom/CUSTOM-ECC001ACAN.jpg,https://images.architecturalinfo.com/images/id/zoom/CUSTOM-ECC001ACAN-01.jpg,https://images.architecturalinfo.com/images/id/zoom/CUSTOM-ECC001ACAN-02.jpg,https://images.architecturalinfo.com/images/id/zoom/CUSTOM-ECC001ACAN-03.jpg,https://images.architecturalinfo.com/images/id/zoom/CUSTOM-ECC001ACAN-04.jpg,https://images.architecturalinfo.com/images/id/zoom/CUSTOM-ECC001ACAN-05.jpg,https://images.architecturalinfo.com/images/id/zoom/CUSTOM-ECC001ACAN-06.jpg,https://images.architecturalinfo.com/images/id/zoom/CUSTOM-ECC001ACAN-07.jpg,https://images.architecturalinfo.com/images/id/zoom/CUSTOM-ECC001ACAN-08.jpg,https://images.architecturalinfo.com/images/id/zoom/CUSTOM-ECC001ACAN-16.jpg,https://images.architecturalinfo.com/images/id/zoom/CUSTOM-ECC001ACAN-17.jpg,https://images.architecturalinfo.com/images/id/zoom/CUSTOM-ECC001ACAN-18.jpg,https://images.architecturalinfo.com/images/id/zoom/CUSTOM-ECC001ACAN-19.jpg,https://images.architecturalinfo.com/images/id/zoom/CUSTOM-ECC001ACAN-20.jpg,https://images.architecturalinfo.com/images/id/zoom/CUSTOM-ECC001ACAN-21.jpg,https://images.architecturalinfo.com/images/id/zoom/CUSTOM-ECC001ACAN-22.jpg","https://images.architecturalinfo.com/images/id/zoom/CUSTOM-ECC001ACAN.jpg,https://images.architecturalinfo.com/images/id/zoom/CUSTOM-ECC001ACAN-01.jpg,https://images.architecturalinfo.com/images/id/zoom/CUSTOM-ECC001ACAN-02.jpg,https://images.architecturalinfo.com/images/id/zoom/CUSTOM-ECC001ACAN-03.jpg,https://images.architecturalinfo.com/images/id/zoom/CUSTOM-ECC001ACAN-04.jpg,https://images.architecturalinfo.com/images/id/zoom/CUSTOM-ECC001ACAN-05.jpg,https://images.architecturalinfo.com/images/id/zoom/CUSTOM-ECC001ACAN-06.jpg,https://images.architecturalinfo.com/images/id/zoom/CUSTOM-ECC001ACAN-07.jpg,https://images.architecturalinfo.com/images/id/zoom/CUSTOM-ECC001ACAN-08.jpg,https://images.architecturalinfo.com/images/id/zoom/CUSTOM-ECC001ACAN-16.jpg,https://images.architecturalinfo.com/images/id/zoom/CUSTOM-ECC001ACAN-17.jpg,https://images.architecturalinfo.com/images/id/zoom/CUSTOM-ECC001ACAN-18.jpg,https://images.architecturalinfo.com/images/id/zoom/CUSTOM-ECC001ACAN-20.jpg",Color,Antigua,12.23,Pounds,1,1,"{""width"":""12,15,18"",""height"":""25,26,27,28,29,30,31,32,33,34,35,36,37,38,39,40,41,42,43,44,45,46,47,48,49,50,51,52,53,54,55,56,57,58,59,60,61,62,63,64,65,66,67,68,69,70,71,72,73,74,75,76,77,78,79,80""}"
variation,ECC001AC,ECC001ACBL,EnduraCore Composite Center Circle Arts & Crafts Shutters,40,"https://images.architecturalinfo.com/images/id/zoom/CUSTOM-ECC001ACBL.jpg,https://images.architecturalinfo.com/images/id/zoom/CUSTOM-ECC001ACBL-01.jpg,https://images.architecturalinfo.com/images/id/zoom/CUSTOM-ECC001ACBL-02.jpg,https://images.architecturalinfo.com/images/id/zoom/CUSTOM-ECC001ACBL-03.jpg,https://images.architecturalinfo.com/images/id/zoom/CUSTOM-ECC001ACBL-04.jpg,https://images.architecturalinfo.com/images/id/zoom/CUSTOM-ECC001ACBL-05.jpg,https://images.architecturalinfo.com/images/id/zoom/CUSTOM-ECC001ACBL-06.jpg,https://images.architecturalinfo.com/images/id/zoom/CUSTOM-ECC001ACBL-07.jpg,https://images.architecturalinfo.com/images/id/zoom/CUSTOM-ECC001ACBL-08.jpg,https://images.architecturalinfo.com/images/id/zoom/CUSTOM-ECC001ACBL-16.jpg,https://images.architecturalinfo.com/images/id/zoom/CUSTOM-ECC001ACBL-17.jpg,https://images.architecturalinfo.com/images/id/zoom/CUSTOM-ECC001ACBL-18.jpg,https://images.architecturalinfo.com/images/id/zoom/CUSTOM-ECC001ACBL-19.jpg,https://images.architecturalinfo.com/images/id/zoom/CUSTOM-ECC001ACBL-20.jpg,https://images.architecturalinfo.com/images/id/zoom/CUSTOM-ECC001ACBL-21.jpg,https://images.architecturalinfo.com/images/id/zoom/CUSTOM-ECC001ACBL-22.jpg","https://images.architecturalinfo.com/images/id/zoom/CUSTOM-ECC001ACBL.jpg,https://images.architecturalinfo.com/images/id/zoom/CUSTOM-ECC001ACBL-01.jpg,https://images.architecturalinfo.com/images/id/zoom/CUSTOM-ECC001ACBL-02.jpg,https://images.architecturalinfo.com/images/id/zoom/CUSTOM-ECC001ACBL-03.jpg,https://images.architecturalinfo.com/images/id/zoom/CUSTOM-ECC001ACBL-04.jpg,https://images.architecturalinfo.com/images/id/zoom/CUSTOM-ECC001ACBL-05.jpg,https://images.architecturalinfo.com/images/id/zoom/CUSTOM-ECC001ACBL-06.jpg,https://images.architecturalinfo.com/images/id/zoom/CUSTOM-ECC001ACBL-07.jpg,https://images.architecturalinfo.com/images/id/zoom/CUSTOM-ECC001ACBL-08.jpg,https://images.architecturalinfo.com/images/id/zoom/CUSTOM-ECC001ACBL-16.jpg,https://images.architecturalinfo.com/images/id/zoom/CUSTOM-ECC001ACBL-17.jpg,https://images.architecturalinfo.com/images/id/zoom/CUSTOM-ECC001ACBL-18.jpg,https://images.architecturalinfo.com/images/id/zoom/CUSTOM-ECC001ACBL-20.jpg",Color,Black,12.23,Pounds,1,1,"{""width"":""12,15,18"",""height"":""25,26,27,28,29,30,31,32,33,34,35,36,37,38,39,40,41,42,43,44,45,46,47,48,49,50,51,52,53,54,55,56,57,58,59,60,61,62,63,64,65,66,67,68,69,70,71,72,73,74,75,76,77,78,79,80""}"
variation,ECC001AC,ECC001ACBR,EnduraCore Composite Center Circle Arts & Crafts Shutters,40,"https://images.architecturalinfo.com/images/id/zoom/CUSTOM-ECC001ACBR.jpg,https://images.architecturalinfo.com/images/id/zoom/CUSTOM-ECC001ACBR-01.jpg,https://images.architecturalinfo.com/images/id/zoom/CUSTOM-ECC001ACBR-02.jpg,https://images.architecturalinfo.com/images/id/zoom/CUSTOM-ECC001ACBR-03.jpg,https://images.architecturalinfo.com/images/id/zoom/CUSTOM-ECC001ACBR-04.jpg,https://images.architecturalinfo.com/images/id/zoom/CUSTOM-ECC001ACBR-05.jpg,https://images.architecturalinfo.com/images/id/zoom/CUSTOM-ECC001ACBR-06.jpg,https://images.architecturalinfo.com/images/id/zoom/CUSTOM-ECC001ACBR-07.jpg,https://images.architecturalinfo.com/images/id/zoom/CUSTOM-ECC001ACBR-08.jpg,https://images.architecturalinfo.com/images/id/zoom/CUSTOM-ECC001ACBR-16.jpg,https://images.architecturalinfo.com/images/id/zoom/CUSTOM-ECC001ACBR-17.jpg,https://images.architecturalinfo.com/images/id/zoom/CUSTOM-ECC001ACBR-18.jpg,https://images.architecturalinfo.com/images/id/zoom/CUSTOM-ECC001ACBR-19.jpg,https://images.architecturalinfo.com/images/id/zoom/CUSTOM-ECC001ACBR-20.jpg,https://images.architecturalinfo.com/images/id/zoom/CUSTOM-ECC001ACBR-21.jpg,https://images.architecturalinfo.com/images/id/zoom/CUSTOM-ECC001ACBR-22.jpg","https://images.architecturalinfo.com/images/id/zoom/CUSTOM-ECC001ACBR.jpg,https://images.architecturalinfo.com/images/id/zoom/CUSTOM-ECC001ACBR-01.jpg,https://images.architecturalinfo.com/images/id/zoom/CUSTOM-ECC001ACBR-02.jpg,https://images.architecturalinfo.com/images/id/zoom/CUSTOM-ECC001ACBR-03.jpg,https://images.architecturalinfo.com/images/id/zoom/CUSTOM-ECC001ACBR-04.jpg,https://images.architecturalinfo.com/images/id/zoom/CUSTOM-ECC001ACBR-05.jpg,https://images.architecturalinfo.com/images/id/zoom/CUSTOM-ECC001ACBR-06.jpg,https://images.architecturalinfo.com/images/id/zoom/CUSTOM-ECC001ACBR-07.jpg,https://images.architecturalinfo.com/images/id/zoom/CUSTOM-ECC001ACBR-08.jpg,https://images.architecturalinfo.com/images/id/zoom/CUSTOM-ECC001ACBR-16.jpg,https://images.architecturalinfo.com/images/id/zoom/CUSTOM-ECC001ACBR-17.jpg,https://images.architecturalinfo.com/images/id/zoom/CUSTOM-ECC001ACBR-18.jpg,https://images.architecturalinfo.com/images/id/zoom/CUSTOM-ECC001ACBR-20.jpg",Color,Fire Red,12.23,Pounds,1,1,"{""width"":""12,15,18"",""height"":""25,26,27,28,29,30,31,32,33,34,35,36,37,38,39,40,41,42,43,44,45,46,47,48,49,50,51,52,53,54,55,56,57,58,59,60,61,62,63,64,65,66,67,68,69,70,71,72,73,74,75,76,77,78,79,80""}"
variation,ECC001AC,ECC001ACBT,EnduraCore Composite Center Circle Arts & Crafts Shutters,40,"https://images.architecturalinfo.com/images/id/zoom/CUSTOM-ECC001ACBT.jpg,https://images.architecturalinfo.com/images/id/zoom/CUSTOM-ECC001ACBT-01.jpg,https://images.architecturalinfo.com/images/id/zoom/CUSTOM-ECC001ACBT-02.jpg,https://images.architecturalinfo.com/images/id/zoom/CUSTOM-ECC001ACBT-03.jpg,https://images.architecturalinfo.com/images/id/zoom/CUSTOM-ECC001ACBT-04.jpg,https://images.architecturalinfo.com/images/id/zoom/CUSTOM-ECC001ACBT-05.jpg,https://images.architecturalinfo.com/images/id/zoom/CUSTOM-ECC001ACBT-06.jpg,https://images.architecturalinfo.com/images/id/zoom/CUSTOM-ECC001ACBT-07.jpg,https://images.architecturalinfo.com/images/id/zoom/CUSTOM-ECC001ACBT-08.jpg,https://images.architecturalinfo.com/images/id/zoom/CUSTOM-ECC001ACBT-16.jpg,https://images.architecturalinfo.com/images/id/zoom/CUSTOM-ECC001ACBT-17.jpg,https://images.architecturalinfo.com/images/id/zoom/CUSTOM-ECC001ACBT-18.jpg,https://images.architecturalinfo.com/images/id/zoom/CUSTOM-ECC001ACBT-19.jpg,https://images.architecturalinfo.com/images/id/zoom/CUSTOM-ECC001ACBT-20.jpg,https://images.architecturalinfo.com/images/id/zoom/CUSTOM-ECC001ACBT-21.jpg,https://images.architecturalinfo.com/images/id/zoom/CUSTOM-ECC001ACBT-22.jpg","https://images.architecturalinfo.com/images/id/zoom/CUSTOM-ECC001ACBT.jpg,https://images.architecturalinfo.com/images/id/zoom/CUSTOM-ECC001ACBT-01.jpg,https://images.architecturalinfo.com/images/id/zoom/CUSTOM-ECC001ACBT-02.jpg,https://images.architecturalinfo.com/images/id/zoom/CUSTOM-ECC001ACBT-03.jpg,https://images.architecturalinfo.com/images/id/zoom/CUSTOM-ECC001ACBT-04.jpg,https://images.architecturalinfo.com/images/id/zoom/CUSTOM-ECC001ACBT-05.jpg,https://images.architecturalinfo.com/images/id/zoom/CUSTOM-ECC001ACBT-06.jpg,https://images.architecturalinfo.com/images/id/zoom/CUSTOM-ECC001ACBT-07.jpg,https://images.architecturalinfo.com/images/id/zoom/CUSTOM-ECC001ACBT-08.jpg,https://images.architecturalinfo.com/images/id/zoom/CUSTOM-ECC001ACBT-16.jpg,https://images.architecturalinfo.com/images/id/zoom/CUSTOM-ECC001ACBT-17.jpg,https://images.architecturalinfo.com/images/id/zoom/CUSTOM-ECC001ACBT-18.jpg,https://images.architecturalinfo.com/images/id/zoom/CUSTOM-ECC001ACBT-20.jpg",Color,Burnt Toffee,12.23,Pounds,1,1,"{""width"":""12,15,18"",""height"":""25,26,27,28,29,30,31,32,33,34,35,36,37,38,39,40,41,42,43,44,45,46,47,48,49,50,51,52,53,54,55,56,57,58,59,60,61,62,63,64,65,66,67,68,69,70,71,72,73,74,75,76,77,78,79,80""}"
variation,ECC001AC,ECC001ACCH,EnduraCore Composite Center Circle Arts & Crafts Shutters,40,"https://images.architecturalinfo.com/images/id/zoom/CUSTOM-ECC001ACCH.jpg,https://images.architecturalinfo.com/images/id/zoom/CUSTOM-ECC001ACCH-01.jpg,https://images.architecturalinfo.com/images/id/zoom/CUSTOM-ECC001ACCH-02.jpg,https://images.architecturalinfo.com/images/id/zoom/CUSTOM-ECC001ACCH-03.jpg,https://images.architecturalinfo.com/images/id/zoom/CUSTOM-ECC001ACCH-04.jpg,https://images.architecturalinfo.com/images/id/zoom/CUSTOM-ECC001ACCH-05.jpg,https://images.architecturalinfo.com/images/id/zoom/CUSTOM-ECC001ACCH-06.jpg,https://images.architecturalinfo.com/images/id/zoom/CUSTOM-ECC001ACCH-07.jpg,https://images.architecturalinfo.com/images/id/zoom/CUSTOM-ECC001ACCH-08.jpg,https://images.architecturalinfo.com/images/id/zoom/CUSTOM-ECC001ACCH-16.jpg,https://images.architecturalinfo.com/images/id/zoom/CUSTOM-ECC001ACCH-17.jpg,https://images.architecturalinfo.com/images/id/zoom/CUSTOM-ECC001ACCH-18.jpg,https://images.architecturalinfo.com/images/id/zoom/CUSTOM-ECC001ACCH-19.jpg,https://images.architecturalinfo.com/images/id/zoom/CUSTOM-ECC001ACCH-20.jpg,https://images.architecturalinfo.com/images/id/zoom/CUSTOM-ECC001ACCH-21.jpg,https://images.architecturalinfo.com/images/id/zoom/CUSTOM-ECC001ACCH-22.jpg","https://images.architecturalinfo.com/images/id/zoom/CUSTOM-ECC001ACCH.jpg,https://images.architecturalinfo.com/images/id/zoom/CUSTOM-ECC001ACCH-01.jpg,https://images.architecturalinfo.com/images/id/zoom/CUSTOM-ECC001ACCH-02.jpg,https://images.architecturalinfo.com/images/id/zoom/CUSTOM-ECC001ACCH-03.jpg,https://images.architecturalinfo.com/images/id/zoom/CUSTOM-ECC001ACCH-04.jpg,https://images.architecturalinfo.com/images/id/zoom/CUSTOM-ECC001ACCH-05.jpg,https://images.architecturalinfo.com/images/id/zoom/CUSTOM-ECC001ACCH-06.jpg,https://images.architecturalinfo.com/images/id/zoom/CUSTOM-ECC001ACCH-07.jpg,https://images.architecturalinfo.com/images/id/zoom/CUSTOM-ECC001ACCH-08.jpg,https://images.architecturalinfo.com/images/id/zoom/CUSTOM-ECC001ACCH-16.jpg,https://images.architecturalinfo.com/images/id/zoom/CUSTOM-ECC001ACCH-17.jpg,https://images.architecturalinfo.com/images/id/zoom/CUSTOM-ECC001ACCH-18.jpg,https://images.architecturalinfo.com/images/id/zoom/CUSTOM-ECC001ACCH-20.jpg",Color,Ocean Swell,12.23,Pounds,1,1,"{""width"":""12,15,18"",""height"":""25,26,27,28,29,30,31,32,33,34,35,36,37,38,39,40,41,42,43,44,45,46,47,48,49,50,51,52,53,54,55,56,57,58,59,60,61,62,63,64,65,66,67,68,69,70,71,72,73,74,75,76,77,78,79,80""}"
variation,ECC001AC,ECC001ACCL,EnduraCore Composite Center Circle Arts & Crafts Shutters,40,"https://images.architecturalinfo.com/images/id/zoom/CUSTOM-ECC001ACCL.jpg,https://images.architecturalinfo.com/images/id/zoom/CUSTOM-ECC001ACCL-01.jpg,https://images.architecturalinfo.com/images/id/zoom/CUSTOM-ECC001ACCL-02.jpg,https://images.architecturalinfo.com/images/id/zoom/CUSTOM-ECC001ACCL-03.jpg,https://images.architecturalinfo.com/images/id/zoom/CUSTOM-ECC001ACCL-04.jpg,https://images.architecturalinfo.com/images/id/zoom/CUSTOM-ECC001ACCL-05.jpg,https://images.architecturalinfo.com/images/id/zoom/CUSTOM-ECC001ACCL-06.jpg,https://images.architecturalinfo.com/images/id/zoom/CUSTOM-ECC001ACCL-07.jpg,https://images.architecturalinfo.com/images/id/zoom/CUSTOM-ECC001ACCL-08.jpg,https://images.architecturalinfo.com/images/id/zoom/CUSTOM-ECC001ACCL-16.jpg,https://images.architecturalinfo.com/images/id/zoom/CUSTOM-ECC001ACCL-17.jpg,https://images.architecturalinfo.com/images/id/zoom/CUSTOM-ECC001ACCL-18.jpg,https://images.architecturalinfo.com/images/id/zoom/CUSTOM-ECC001ACCL-19.jpg,https://images.architecturalinfo.com/images/id/zoom/CUSTOM-ECC001ACCL-20.jpg,https://images.architecturalinfo.com/images/id/zoom/CUSTOM-ECC001ACCL-21.jpg,https://images.architecturalinfo.com/images/id/zoom/CUSTOM-ECC001ACCL-22.jpg","https://images.architecturalinfo.com/images/id/zoom/CUSTOM-ECC001ACCL.jpg,https://images.architecturalinfo.com/images/id/zoom/CUSTOM-ECC001ACCL-01.jpg,https://images.architecturalinfo.com/images/id/zoom/CUSTOM-ECC001ACCL-02.jpg,https://images.architecturalinfo.com/images/id/zoom/CUSTOM-ECC001ACCL-03.jpg,https://images.architecturalinfo.com/images/id/zoom/CUSTOM-ECC001ACCL-04.jpg,https://images.architecturalinfo.com/images/id/zoom/CUSTOM-ECC001ACCL-05.jpg,https://images.architecturalinfo.com/images/id/zoom/CUSTOM-ECC001ACCL-06.jpg,https://images.architecturalinfo.com/images/id/zoom/CUSTOM-ECC001ACCL-07.jpg,https://images.architecturalinfo.com/images/id/zoom/CUSTOM-ECC001ACCL-08.jpg,https://images.architecturalinfo.com/images/id/zoom/CUSTOM-ECC001ACCL-16.jpg,https://images.architecturalinfo.com/images/id/zoom/CUSTOM-ECC001ACCL-17.jpg,https://images.architecturalinfo.com/images/id/zoom/CUSTOM-ECC001ACCL-18.jpg,https://images.architecturalinfo.com/images/id/zoom/CUSTOM-ECC001ACCL-20.jpg",Color,Colorful Leaves,12.23,Pounds,1,1,"{""width"":""12,15,18"",""height"":""25,26,27,28,29,30,31,32,33,34,35,36,37,38,39,40,41,42,43,44,45,46,47,48,49,50,51,52,53,54,55,56,57,58,59,60,61,62,63,64,65,66,67,68,69,70,71,72,73,74,75,76,77,78,79,80""}"
variation,ECC001AC,ECC001ACFG,EnduraCore Composite Center Circle Arts & Crafts Shutters,40,"https://images.architecturalinfo.com/images/id/zoom/CUSTOM-ECC001ACFG.jpg,https://images.architecturalinfo.com/images/id/zoom/CUSTOM-ECC001ACFG-01.jpg,https://images.architecturalinfo.com/images/id/zoom/CUSTOM-ECC001ACFG-02.jpg,https://images.architecturalinfo.com/images/id/zoom/CUSTOM-ECC001ACFG-03.jpg,https://images.architecturalinfo.com/images/id/zoom/CUSTOM-ECC001ACFG-04.jpg,https://images.architecturalinfo.com/images/id/zoom/CUSTOM-ECC001ACFG-05.jpg,https://images.architecturalinfo.com/images/id/zoom/CUSTOM-ECC001ACFG-06.jpg,https://images.architecturalinfo.com/images/id/zoom/CUSTOM-ECC001ACFG-07.jpg,https://images.architecturalinfo.com/images/id/zoom/CUSTOM-ECC001ACFG-08.jpg,https://images.architecturalinfo.com/images/id/zoom/CUSTOM-ECC001ACFG-16.jpg,https://images.architecturalinfo.com/images/id/zoom/CUSTOM-ECC001ACFG-17.jpg,https://images.architecturalinfo.com/images/id/zoom/CUSTOM-ECC001ACFG-18.jpg,https://images.architecturalinfo.com/images/id/zoom/CUSTOM-ECC001ACFG-19.jpg,https://images.architecturalinfo.com/images/id/zoom/CUSTOM-ECC001ACFG-20.jpg,https://images.architecturalinfo.com/images/id/zoom/CUSTOM-ECC001ACFG-21.jpg,https://images.architecturalinfo.com/images/id/zoom/CUSTOM-ECC001ACFG-22.jpg","https://images.architecturalinfo.com/images/id/zoom/CUSTOM-ECC001ACFG.jpg,https://images.architecturalinfo.com/images/id/zoom/CUSTOM-ECC001ACFG-01.jpg,https://images.architecturalinfo.com/images/id/zoom/CUSTOM-ECC001ACFG-02.jpg,https://images.architecturalinfo.com/images/id/zoom/CUSTOM-ECC001ACFG-03.jpg,https://images.architecturalinfo.com/images/id/zoom/CUSTOM-ECC001ACFG-04.jpg,https://images.architecturalinfo.com/images/id/zoom/CUSTOM-ECC001ACFG-05.jpg,https://images.architecturalinfo.com/images/id/zoom/CUSTOM-ECC001ACFG-06.jpg,https://images.architecturalinfo.com/images/id/zoom/CUSTOM-ECC001ACFG-07.jpg,https://images.architecturalinfo.com/images/id/zoom/CUSTOM-ECC001ACFG-08.jpg,https://images.architecturalinfo.com/images/id/zoom/CUSTOM-ECC001ACFG-16.jpg,https://images.architecturalinfo.com/images/id/zoom/CUSTOM-ECC001ACFG-17.jpg,https://images.architecturalinfo.com/images/id/zoom/CUSTOM-ECC001ACFG-18.jpg,https://images.architecturalinfo.com/images/id/zoom/CUSTOM-ECC001ACFG-20.jpg",Color,Thermal Green,12.23,Pounds,1,1,"{""width"":""12,15,18"",""height"":""25,26,27,28,29,30,31,32,33,34,35,36,37,38,39,40,41,42,43,44,45,46,47,48,49,50,51,52,53,54,55,56,57,58,59,60,61,62,63,64,65,66,67,68,69,70,71,72,73,74,75,76,77,78,79,80""}"
variation,ECC001AC,ECC001ACHB,EnduraCore Composite Center Circle Arts & Crafts Shutters,40,"https://images.architecturalinfo.com/images/id/zoom/CUSTOM-ECC001ACHB.jpg,https://images.architecturalinfo.com/images/id/zoom/CUSTOM-ECC001ACHB-01.jpg,https://images.architecturalinfo.com/images/id/zoom/CUSTOM-ECC001ACHB-02.jpg,https://images.architecturalinfo.com/images/id/zoom/CUSTOM-ECC001ACHB-03.jpg,https://images.architecturalinfo.com/images/id/zoom/CUSTOM-ECC001ACHB-04.jpg,https://images.architecturalinfo.com/images/id/zoom/CUSTOM-ECC001ACHB-05.jpg,https://images.architecturalinfo.com/images/id/zoom/CUSTOM-ECC001ACHB-06.jpg,https://images.architecturalinfo.com/images/id/zoom/CUSTOM-ECC001ACHB-07.jpg,https://images.architecturalinfo.com/images/id/zoom/CUSTOM-ECC001ACHB-08.jpg,https://images.architecturalinfo.com/images/id/zoom/CUSTOM-ECC001ACHB-16.jpg,https://images.architecturalinfo.com/images/id/zoom/CUSTOM-ECC001ACHB-17.jpg,https://images.architecturalinfo.com/images/id/zoom/CUSTOM-ECC001ACHB-18.jpg,https://images.architecturalinfo.com/images/id/zoom/CUSTOM-ECC001ACHB-19.jpg,https://images.architecturalinfo.com/images/id/zoom/CUSTOM-ECC001ACHB-20.jpg,https://images.architecturalinfo.com/images/id/zoom/CUSTOM-ECC001ACHB-21.jpg,https://images.architecturalinfo.com/images/id/zoom/CUSTOM-ECC001ACHB-22.jpg","https://images.architecturalinfo.com/images/id/zoom/CUSTOM-ECC001ACHB.jpg,https://images.architecturalinfo.com/images/id/zoom/CUSTOM-ECC001ACHB-01.jpg,https://images.architecturalinfo.com/images/id/zoom/CUSTOM-ECC001ACHB-02.jpg,https://images.architecturalinfo.com/images/id/zoom/CUSTOM-ECC001ACHB-03.jpg,https://images.architecturalinfo.com/images/id/zoom/CUSTOM-ECC001ACHB-04.jpg,https://images.architecturalinfo.com/images/id/zoom/CUSTOM-ECC001ACHB-05.jpg,https://images.architecturalinfo.com/images/id/zoom/CUSTOM-ECC001ACHB-06.jpg,https://images.architecturalinfo.com/images/id/zoom/CUSTOM-ECC001ACHB-07.jpg,https://images.architecturalinfo.com/images/id/zoom/CUSTOM-ECC001ACHB-08.jpg,https://images.architecturalinfo.com/images/id/zoom/CUSTOM-ECC001ACHB-16.jpg,https://images.architecturalinfo.com/images/id/zoom/CUSTOM-ECC001ACHB-17.jpg,https://images.architecturalinfo.com/images/id/zoom/CUSTOM-ECC001ACHB-18.jpg,https://images.architecturalinfo.com/images/id/zoom/CUSTOM-ECC001ACHB-20.jpg",Color,Sojourn Blue,12.23,Pounds,1,1,"{""width"":""12,15,18"",""height"":""25,26,27,28,29,30,31,32,33,34,35,36,37,38,39,40,41,42,43,44,45,46,47,48,49,50,51,52,53,54,55,56,57,58,59,60,61,62,63,64,65,66,67,68,69,70,71,72,73,74,75,76,77,78,79,80""}"
variation,ECC001AC,ECC001ACHG,EnduraCore Composite Center Circle Arts & Crafts Shutters,40,"https://images.architecturalinfo.com/images/id/zoom/CUSTOM-ECC001ACHG.jpg,https://images.architecturalinfo.com/images/id/zoom/CUSTOM-ECC001ACHG-01.jpg,https://images.architecturalinfo.com/images/id/zoom/CUSTOM-ECC001ACHG-02.jpg,https://images.architecturalinfo.com/images/id/zoom/CUSTOM-ECC001ACHG-03.jpg,https://images.architecturalinfo.com/images/id/zoom/CUSTOM-ECC001ACHG-04.jpg,https://images.architecturalinfo.com/images/id/zoom/CUSTOM-ECC001ACHG-05.jpg,https://images.architecturalinfo.com/images/id/zoom/CUSTOM-ECC001ACHG-06.jpg,https://images.architecturalinfo.com/images/id/zoom/CUSTOM-ECC001ACHG-07.jpg,https://images.architecturalinfo.com/images/id/zoom/CUSTOM-ECC001ACHG-08.jpg,https://images.architecturalinfo.com/images/id/zoom/CUSTOM-ECC001ACHG-16.jpg,https://images.architecturalinfo.com/images/id/zoom/CUSTOM-ECC001ACHG-17.jpg,https://images.architecturalinfo.com/images/id/zoom/CUSTOM-ECC001ACHG-18.jpg,https://images.architecturalinfo.com/images/id/zoom/CUSTOM-ECC001ACHG-19.jpg,https://images.architecturalinfo.com/images/id/zoom/CUSTOM-ECC001ACHG-20.jpg,https://images.architecturalinfo.com/images/id/zoom/CUSTOM-ECC001ACHG-21.jpg,https://images.architecturalinfo.com/images/id/zoom/CUSTOM-ECC001ACHG-22.jpg","https://images.architecturalinfo.com/images/id/zoom/CUSTOM-ECC001ACHG.jpg,https://images.architecturalinfo.com/images/id/zoom/CUSTOM-ECC001ACHG-01.jpg,https://images.architecturalinfo.com/images/id/zoom/CUSTOM-ECC001ACHG-02.jpg,https://images.architecturalinfo.com/images/id/zoom/CUSTOM-ECC001ACHG-03.jpg,https://images.architecturalinfo.com/images/id/zoom/CUSTOM-ECC001ACHG-04.jpg,https://images.architecturalinfo.com/images/id/zoom/CUSTOM-ECC001ACHG-05.jpg,https://images.architecturalinfo.com/images/id/zoom/CUSTOM-ECC001ACHG-06.jpg,https://images.architecturalinfo.com/images/id/zoom/CUSTOM-ECC001ACHG-07.jpg,https://images.architecturalinfo.com/images/id/zoom/CUSTOM-ECC001ACHG-08.jpg,https://images.architecturalinfo.com/images/id/zoom/CUSTOM-ECC001ACHG-16.jpg,https://images.architecturalinfo.com/images/id/zoom/CUSTOM-ECC001ACHG-17.jpg,https://images.architecturalinfo.com/images/id/zoom/CUSTOM-ECC001ACHG-18.jpg,https://images.architecturalinfo.com/images/id/zoom/CUSTOM-ECC001ACHG-20.jpg",Color,Viridian Green,12.23,Pounds,1,1,"{""width"":""12,15,18"",""height"":""25,26,27,28,29,30,31,32,33,34,35,36,37,38,39,40,41,42,43,44,45,46,47,48,49,50,51,52,53,54,55,56,57,58,59,60,61,62,63,64,65,66,67,68,69,70,71,72,73,74,75,76,77,78,79,80""}"
variation,ECC001AC,ECC001ACLP,EnduraCore Composite Center Circle Arts & Crafts Shutters,40,"https://images.architecturalinfo.com/images/id/zoom/CUSTOM-ECC001ACLP.jpg,https://images.architecturalinfo.com/images/id/zoom/CUSTOM-ECC001ACLP-01.jpg,https://images.architecturalinfo.com/images/id/zoom/CUSTOM-ECC001ACLP-02.jpg,https://images.architecturalinfo.com/images/id/zoom/CUSTOM-ECC001ACLP-03.jpg,https://images.architecturalinfo.com/images/id/zoom/CUSTOM-ECC001ACLP-04.jpg,https://images.architecturalinfo.com/images/id/zoom/CUSTOM-ECC001ACLP-05.jpg,https://images.architecturalinfo.com/images/id/zoom/CUSTOM-ECC001ACLP-06.jpg,https://images.architecturalinfo.com/images/id/zoom/CUSTOM-ECC001ACLP-07.jpg,https://images.architecturalinfo.com/images/id/zoom/CUSTOM-ECC001ACLP-08.jpg,https://images.architecturalinfo.com/images/id/zoom/CUSTOM-ECC001ACLP-16.jpg,https://images.architecturalinfo.com/images/id/zoom/CUSTOM-ECC001ACLP-17.jpg,https://images.architecturalinfo.com/images/id/zoom/CUSTOM-ECC001ACLP-18.jpg,https://images.architecturalinfo.com/images/id/zoom/CUSTOM-ECC001ACLP-19.jpg,https://images.architecturalinfo.com/images/id/zoom/CUSTOM-ECC001ACLP-20.jpg,https://images.architecturalinfo.com/images/id/zoom/CUSTOM-ECC001ACLP-21.jpg,https://images.architecturalinfo.com/images/id/zoom/CUSTOM-ECC001ACLP-22.jpg","https://images.architecturalinfo.com/images/id/zoom/CUSTOM-ECC001ACLP.jpg,https://images.architecturalinfo.com/images/id/zoom/CUSTOM-ECC001ACLP-01.jpg,https://images.architecturalinfo.com/images/id/zoom/CUSTOM-ECC001ACLP-02.jpg,https://images.architecturalinfo.com/images/id/zoom/CUSTOM-ECC001ACLP-03.jpg,https://images.architecturalinfo.com/images/id/zoom/CUSTOM-ECC001ACLP-04.jpg,https://images.architecturalinfo.com/images/id/zoom/CUSTOM-ECC001ACLP-05.jpg,https://images.architecturalinfo.com/images/id/zoom/CUSTOM-ECC001ACLP-06.jpg,https://images.architecturalinfo.com/images/id/zoom/CUSTOM-ECC001ACLP-07.jpg,https://images.architecturalinfo.com/images/id/zoom/CUSTOM-ECC001ACLP-08.jpg,https://images.architecturalinfo.com/images/id/zoom/CUSTOM-ECC001ACLP-16.jpg,https://images.architecturalinfo.com/images/id/zoom/CUSTOM-ECC001ACLP-17.jpg,https://images.architecturalinfo.com/images/id/zoom/CUSTOM-ECC001ACLP-18.jpg,https://images.architecturalinfo.com/images/id/zoom/CUSTOM-ECC001ACLP-20.jpg",Color,Lily Pads,12.23,Pounds,1,1,"{""width"":""12,15,18"",""height"":""25,26,27,28,29,30,31,32,33,34,35,36,37,38,39,40,41,42,43,44,45,46,47,48,49,50,51,52,53,54,55,56,57,58,59,60,61,62,63,64,65,66,67,68,69,70,71,72,73,74,75,76,77,78,79,80""}"
variation,ECC001AC,ECC001ACMG,EnduraCore Composite Center Circle Arts & Crafts Shutters,40,"https://images.architecturalinfo.com/images/id/zoom/CUSTOM-ECC001ACMG.jpg,https://images.architecturalinfo.com/images/id/zoom/CUSTOM-ECC001ACMG-01.jpg,https://images.architecturalinfo.com/images/id/zoom/CUSTOM-ECC001ACMG-02.jpg,https://images.architecturalinfo.com/images/id/zoom/CUSTOM-ECC001ACMG-03.jpg,https://images.architecturalinfo.com/images/id/zoom/CUSTOM-ECC001ACMG-04.jpg,https://images.architecturalinfo.com/images/id/zoom/CUSTOM-ECC001ACMG-05.jpg,https://images.architecturalinfo.com/images/id/zoom/CUSTOM-ECC001ACMG-06.jpg,https://images.architecturalinfo.com/images/id/zoom/CUSTOM-ECC001ACMG-07.jpg,https://images.architecturalinfo.com/images/id/zoom/CUSTOM-ECC001ACMG-08.jpg,https://images.architecturalinfo.com/images/id/zoom/CUSTOM-ECC001ACMG-16.jpg,https://images.architecturalinfo.com/images/id/zoom/CUSTOM-ECC001ACMG-17.jpg,https://images.architecturalinfo.com/images/id/zoom/CUSTOM-ECC001ACMG-18.jpg,https://images.architecturalinfo.com/images/id/zoom/CUSTOM-ECC001ACMG-19.jpg,https://images.architecturalinfo.com/images/id/zoom/CUSTOM-ECC001ACMG-20.jpg,https://images.architecturalinfo.com/images/id/zoom/CUSTOM-ECC001ACMG-21.jpg,https://images.architecturalinfo.com/images/id/zoom/CUSTOM-ECC001ACMG-22.jpg","https://images.architecturalinfo.com/images/id/zoom/CUSTOM-ECC001ACMG.jpg,https://images.architecturalinfo.com/images/id/zoom/CUSTOM-ECC001ACMG-01.jpg,https://images.architecturalinfo.com/images/id/zoom/CUSTOM-ECC001ACMG-02.jpg,https://images.architecturalinfo.com/images/id/zoom/CUSTOM-ECC001ACMG-03.jpg,https://images.architecturalinfo.com/images/id/zoom/CUSTOM-ECC001ACMG-04.jpg,https://images.architecturalinfo.com/images/id/zoom/CUSTOM-ECC001ACMG-05.jpg,https://images.architecturalinfo.com/images/id/zoom/CUSTOM-ECC001ACMG-06.jpg,https://images.architecturalinfo.com/images/id/zoom/CUSTOM-ECC001ACMG-07.jpg,https://images.architecturalinfo.com/images/id/zoom/CUSTOM-ECC001ACMG-08.jpg,https://images.architecturalinfo.com/images/id/zoom/CUSTOM-ECC001ACMG-16.jpg,https://images.architecturalinfo.com/images/id/zoom/CUSTOM-ECC001ACMG-17.jpg,https://images.architecturalinfo.com/images/id/zoom/CUSTOM-ECC001ACMG-18.jpg,https://images.architecturalinfo.com/images/id/zoom/CUSTOM-ECC001ACMG-20.jpg",Color,Moss Green,12.23,Pounds,1,1,"{""width"":""12,15,18"",""height"":""25,26,27,28,29,30,31,32,33,34,35,36,37,38,39,40,41,42,43,44,45,46,47,48,49,50,51,52,53,54,55,56,57,58,59,60,61,62,63,64,65,66,67,68,69,70,71,72,73,74,75,76,77,78,79,80""}"
variation,ECC001AC,ECC001ACMR,EnduraCore Composite Center Circle Arts & Crafts Shutters,40,"https://images.architecturalinfo.com/images/id/zoom/CUSTOM-ECC001ACMR.jpg,https://images.architecturalinfo.com/images/id/zoom/CUSTOM-ECC001ACMR-01.jpg,https://images.architecturalinfo.com/images/id/zoom/CUSTOM-ECC001ACMR-02.jpg,https://images.architecturalinfo.com/images/id/zoom/CUSTOM-ECC001ACMR-03.jpg,https://images.architecturalinfo.com/images/id/zoom/CUSTOM-ECC001ACMR-04.jpg,https://images.architecturalinfo.com/images/id/zoom/CUSTOM-ECC001ACMR-05.jpg,https://images.architecturalinfo.com/images/id/zoom/CUSTOM-ECC001ACMR-06.jpg,https://images.architecturalinfo.com/images/id/zoom/CUSTOM-ECC001ACMR-07.jpg,https://images.architecturalinfo.com/images/id/zoom/CUSTOM-ECC001ACMR-08.jpg,https://images.architecturalinfo.com/images/id/zoom/CUSTOM-ECC001ACMR-16.jpg,https://images.architecturalinfo.com/images/id/zoom/CUSTOM-ECC001ACMR-17.jpg,https://images.architecturalinfo.com/images/id/zoom/CUSTOM-ECC001ACMR-18.jpg,https://images.architecturalinfo.com/images/id/zoom/CUSTOM-ECC001ACMR-19.jpg,https://images.architecturalinfo.com/images/id/zoom/CUSTOM-ECC001ACMR-20.jpg,https://images.architecturalinfo.com/images/id/zoom/CUSTOM-ECC001ACMR-21.jpg,https://images.architecturalinfo.com/images/id/zoom/CUSTOM-ECC001ACMR-22.jpg","https://images.architecturalinfo.com/images/id/zoom/CUSTOM-ECC001ACMR.jpg,https://images.architecturalinfo.com/images/id/zoom/CUSTOM-ECC001ACMR-01.jpg,https://images.architecturalinfo.com/images/id/zoom/CUSTOM-ECC001ACMR-02.jpg,https://images.architecturalinfo.com/images/id/zoom/CUSTOM-ECC001ACMR-03.jpg,https://images.architecturalinfo.com/images/id/zoom/CUSTOM-ECC001ACMR-04.jpg,https://images.architecturalinfo.com/images/id/zoom/CUSTOM-ECC001ACMR-05.jpg,https://images.architecturalinfo.com/images/id/zoom/CUSTOM-ECC001ACMR-06.jpg,https://images.architecturalinfo.com/images/id/zoom/CUSTOM-ECC001ACMR-07.jpg,https://images.architecturalinfo.com/images/id/zoom/CUSTOM-ECC001ACMR-08.jpg,https://images.architecturalinfo.com/images/id/zoom/CUSTOM-ECC001ACMR-16.jpg,https://images.architecturalinfo.com/images/id/zoom/CUSTOM-ECC001ACMR-17.jpg,https://images.architecturalinfo.com/images/id/zoom/CUSTOM-ECC001ACMR-18.jpg,https://images.architecturalinfo.com/images/id/zoom/CUSTOM-ECC001ACMR-20.jpg",Color,Pepper Red,12.23,Pounds,1,1,"{""width"":""12,15,18"",""height"":""25,26,27,28,29,30,31,32,33,34,35,36,37,38,39,40,41,42,43,44,45,46,47,48,49,50,51,52,53,54,55,56,57,58,59,60,61,62,63,64,65,66,67,68,69,70,71,72,73,74,75,76,77,78,79,80""}"
variation,ECC001AC,ECC001ACNT,EnduraCore Composite Center Circle Arts & Crafts Shutters,40,"https://images.architecturalinfo.com/images/id/zoom/CUSTOM-ECC001ACNT.jpg,https://images.architecturalinfo.com/images/id/zoom/CUSTOM-ECC001ACNT-01.jpg,https://images.architecturalinfo.com/images/id/zoom/CUSTOM-ECC001ACNT-02.jpg,https://images.architecturalinfo.com/images/id/zoom/CUSTOM-ECC001ACNT-03.jpg,https://images.architecturalinfo.com/images/id/zoom/CUSTOM-ECC001ACNT-04.jpg,https://images.architecturalinfo.com/images/id/zoom/CUSTOM-ECC001ACNT-05.jpg,https://images.architecturalinfo.com/images/id/zoom/CUSTOM-ECC001ACNT-06.jpg,https://images.architecturalinfo.com/images/id/zoom/CUSTOM-ECC001ACNT-07.jpg,https://images.architecturalinfo.com/images/id/zoom/CUSTOM-ECC001ACNT-08.jpg,https://images.architecturalinfo.com/images/id/zoom/CUSTOM-ECC001ACNT-16.jpg,https://images.architecturalinfo.com/images/id/zoom/CUSTOM-ECC001ACNT-17.jpg,https://images.architecturalinfo.com/images/id/zoom/CUSTOM-ECC001ACNT-18.jpg,https://images.architecturalinfo.com/images/id/zoom/CUSTOM-ECC001ACNT-19.jpg,https://images.architecturalinfo.com/images/id/zoom/CUSTOM-ECC001ACNT-20.jpg,https://images.architecturalinfo.com/images/id/zoom/CUSTOM-ECC001ACNT-21.jpg,https://images.architecturalinfo.com/images/id/zoom/CUSTOM-ECC001ACNT-22.jpg","https://images.architecturalinfo.com/images/id/zoom/CUSTOM-ECC001ACNT.jpg,https://images.architecturalinfo.com/images/id/zoom/CUSTOM-ECC001ACNT-01.jpg,https://images.architecturalinfo.com/images/id/zoom/CUSTOM-ECC001ACNT-02.jpg,https://images.architecturalinfo.com/images/id/zoom/CUSTOM-ECC001ACNT-03.jpg,https://images.architecturalinfo.com/images/id/zoom/CUSTOM-ECC001ACNT-04.jpg,https://images.architecturalinfo.com/images/id/zoom/CUSTOM-ECC001ACNT-05.jpg,https://images.architecturalinfo.com/images/id/zoom/CUSTOM-ECC001ACNT-06.jpg,https://images.architecturalinfo.com/images/id/zoom/CUSTOM-ECC001ACNT-07.jpg,https://images.architecturalinfo.com/images/id/zoom/CUSTOM-ECC001ACNT-08.jpg,https://images.architecturalinfo.com/images/id/zoom/CUSTOM-ECC001ACNT-16.jpg,https://images.architecturalinfo.com/images/id/zoom/CUSTOM-ECC001ACNT-17.jpg,https://images.architecturalinfo.com/images/id/zoom/CUSTOM-ECC001ACNT-18.jpg,https://images.architecturalinfo.com/images/id/zoom/CUSTOM-ECC001ACNT-20.jpg",Color,Natural Twine,12.23,Pounds,1,1,"{""width"":""12,15,18"",""height"":""25,26,27,28,29,30,31,32,33,34,35,36,37,38,39,40,41,42,43,44,45,46,47,48,49,50,51,52,53,54,55,56,57,58,59,60,61,62,63,64,65,66,67,68,69,70,71,72,73,74,75,76,77,78,79,80""}"
variation,ECC001AC,ECC001ACOB,EnduraCore Composite Center Circle Arts & Crafts Shutters,40,"https://images.architecturalinfo.com/images/id/zoom/CUSTOM-ECC001ACOB.jpg,https://images.architecturalinfo.com/images/id/zoom/CUSTOM-ECC001ACOB-01.jpg,https://images.architecturalinfo.com/images/id/zoom/CUSTOM-ECC001ACOB-02.jpg,https://images.architecturalinfo.com/images/id/zoom/CUSTOM-ECC001ACOB-03.jpg,https://images.architecturalinfo.com/images/id/zoom/CUSTOM-ECC001ACOB-04.jpg,https://images.architecturalinfo.com/images/id/zoom/CUSTOM-ECC001ACOB-05.jpg,https://images.architecturalinfo.com/images/id/zoom/CUSTOM-ECC001ACOB-06.jpg,https://images.architecturalinfo.com/images/id/zoom/CUSTOM-ECC001ACOB-07.jpg,https://images.architecturalinfo.com/images/id/zoom/CUSTOM-ECC001ACOB-08.jpg,https://images.architecturalinfo.com/images/id/zoom/CUSTOM-ECC001ACOB-16.jpg,https://images.architecturalinfo.com/images/id/zoom/CUSTOM-ECC001ACOB-17.jpg,https://images.architecturalinfo.com/images/id/zoom/CUSTOM-ECC001ACOB-18.jpg,https://images.architecturalinfo.com/images/id/zoom/CUSTOM-ECC001ACOB-19.jpg,https://images.architecturalinfo.com/images/id/zoom/CUSTOM-ECC001ACOB-20.jpg,https://images.architecturalinfo.com/images/id/zoom/CUSTOM-ECC001ACOB-21.jpg,https://images.architecturalinfo.com/images/id/zoom/CUSTOM-ECC001ACOB-22.jpg","https://images.architecturalinfo.com/images/id/zoom/CUSTOM-ECC001ACOB.jpg,https://images.architecturalinfo.com/images/id/zoom/CUSTOM-ECC001ACOB-01.jpg,https://images.architecturalinfo.com/images/id/zoom/CUSTOM-ECC001ACOB-02.jpg,https://images.architecturalinfo.com/images/id/zoom/CUSTOM-ECC001ACOB-03.jpg,https://images.architecturalinfo.com/images/id/zoom/CUSTOM-ECC001ACOB-04.jpg,https://images.architecturalinfo.com/images/id/zoom/CUSTOM-ECC001ACOB-05.jpg,https://images.architecturalinfo.com/images/id/zoom/CUSTOM-ECC001ACOB-06.jpg,https://images.architecturalinfo.com/images/id/zoom/CUSTOM-ECC001ACOB-07.jpg,https://images.architecturalinfo.com/images/id/zoom/CUSTOM-ECC001ACOB-08.jpg,https://images.architecturalinfo.com/images/id/zoom/CUSTOM-ECC001ACOB-16.jpg,https://images.architecturalinfo.com/images/id/zoom/CUSTOM-ECC001ACOB-17.jpg,https://images.architecturalinfo.com/images/id/zoom/CUSTOM-ECC001ACOB-18.jpg,https://images.architecturalinfo.com/images/id/zoom/CUSTOM-ECC001ACOB-20.jpg",Color,Starless Night Blue,12.23,Pounds,1,1,"{""width"":""12,15,18"",""height"":""25,26,27,28,29,30,31,32,33,34,35,36,37,38,39,40,41,42,43,44,45,46,47,48,49,50,51,52,53,54,55,56,57,58,59,60,61,62,63,64,65,66,67,68,69,70,71,72,73,74,75,76,77,78,79,80""}"
variation,ECC001AC,ECC001ACPR,EnduraCore Composite Center Circle Arts & Crafts Shutters,40,"https://images.architecturalinfo.com/images/id/zoom/CUSTOM-ECC001ACPR.jpg,https://images.architecturalinfo.com/images/id/zoom/CUSTOM-ECC001ACPR-01.jpg,https://images.architecturalinfo.com/images/id/zoom/CUSTOM-ECC001ACPR-02.jpg,https://images.architecturalinfo.com/images/id/zoom/CUSTOM-ECC001ACPR-03.jpg,https://images.architecturalinfo.com/images/id/zoom/CUSTOM-ECC001ACPR-04.jpg,https://images.architecturalinfo.com/images/id/zoom/CUSTOM-ECC001ACPR-05.jpg,https://images.architecturalinfo.com/images/id/zoom/CUSTOM-ECC001ACPR-06.jpg,https://images.architecturalinfo.com/images/id/zoom/CUSTOM-ECC001ACPR-07.jpg,https://images.architecturalinfo.com/images/id/zoom/CUSTOM-ECC001ACPR-08.jpg,https://images.architecturalinfo.com/images/id/zoom/CUSTOM-ECC001ACPR-16.jpg,https://images.architecturalinfo.com/images/id/zoom/CUSTOM-ECC001ACPR-17.jpg,https://images.architecturalinfo.com/images/id/zoom/CUSTOM-ECC001ACPR-18.jpg,https://images.architecturalinfo.com/images/id/zoom/CUSTOM-ECC001ACPR-19.jpg,https://images.architecturalinfo.com/images/id/zoom/CUSTOM-ECC001ACPR-20.jpg,https://images.architecturalinfo.com/images/id/zoom/CUSTOM-ECC001ACPR-21.jpg,https://images.architecturalinfo.com/images/id/zoom/CUSTOM-ECC001ACPR-22.jpg","https://images.architecturalinfo.com/images/id/zoom/CUSTOM-ECC001ACPR.jpg,https://images.architecturalinfo.com/images/id/zoom/CUSTOM-ECC001ACPR-01.jpg,https://images.architecturalinfo.com/images/id/zoom/CUSTOM-ECC001ACPR-02.jpg,https://images.architecturalinfo.com/images/id/zoom/CUSTOM-ECC001ACPR-03.jpg,https://images.architecturalinfo.com/images/id/zoom/CUSTOM-ECC001ACPR-04.jpg,https://images.architecturalinfo.com/images/id/zoom/CUSTOM-ECC001ACPR-05.jpg,https://images.architecturalinfo.com/images/id/zoom/CUSTOM-ECC001ACPR-06.jpg,https://images.architecturalinfo.com/images/id/zoom/CUSTOM-ECC001ACPR-07.jpg,https://images.architecturalinfo.com/images/id/zoom/CUSTOM-ECC001ACPR-08.jpg,https://images.architecturalinfo.com/images/id/zoom/CUSTOM-ECC001ACPR-16.jpg,https://images.architecturalinfo.com/images/id/zoom/CUSTOM-ECC001ACPR-17.jpg,https://images.architecturalinfo.com/images/id/zoom/CUSTOM-ECC001ACPR-18.jpg,https://images.architecturalinfo.com/images/id/zoom/CUSTOM-ECC001ACPR-20.jpg",Color,Primed,12.23,Pounds,1,1,"{""width"":""12,15,18"",""height"":""25,26,27,28,29,30,31,32,33,34,35,36,37,38,39,40,41,42,43,44,45,46,47,48,49,50,51,52,53,54,55,56,57,58,59,60,61,62,63,64,65,66,67,68,69,70,71,72,73,74,75,76,77,78,79,80""}"
variation,ECC001AC,ECC001ACPT,EnduraCore Composite Center Circle Arts & Crafts Shutters,40,"https://images.architecturalinfo.com/images/id/zoom/CUSTOM-ECC001ACPT.jpg,https://images.architecturalinfo.com/images/id/zoom/CUSTOM-ECC001ACPT-01.jpg,https://images.architecturalinfo.com/images/id/zoom/CUSTOM-ECC001ACPT-02.jpg,https://images.architecturalinfo.com/images/id/zoom/CUSTOM-ECC001ACPT-03.jpg,https://images.architecturalinfo.com/images/id/zoom/CUSTOM-ECC001ACPT-04.jpg,https://images.architecturalinfo.com/images/id/zoom/CUSTOM-ECC001ACPT-05.jpg,https://images.architecturalinfo.com/images/id/zoom/CUSTOM-ECC001ACPT-06.jpg,https://images.architecturalinfo.com/images/id/zoom/CUSTOM-ECC001ACPT-07.jpg,https://images.architecturalinfo.com/images/id/zoom/CUSTOM-ECC001ACPT-08.jpg,https://images.architecturalinfo.com/images/id/zoom/CUSTOM-ECC001ACPT-16.jpg,https://images.architecturalinfo.com/images/id/zoom/CUSTOM-ECC001ACPT-17.jpg,https://images.architecturalinfo.com/images/id/zoom/CUSTOM-ECC001ACPT-18.jpg,https://images.architecturalinfo.com/images/id/zoom/CUSTOM-ECC001ACPT-19.jpg,https://images.architecturalinfo.com/images/id/zoom/CUSTOM-ECC001ACPT-20.jpg,https://images.architecturalinfo.com/images/id/zoom/CUSTOM-ECC001ACPT-21.jpg,https://images.architecturalinfo.com/images/id/zoom/CUSTOM-ECC001ACPT-22.jpg","https://images.architecturalinfo.com/images/id/zoom/CUSTOM-ECC001ACPT.jpg,https://images.architecturalinfo.com/images/id/zoom/CUSTOM-ECC001ACPT-01.jpg,https://images.architecturalinfo.com/images/id/zoom/CUSTOM-ECC001ACPT-02.jpg,https://images.architecturalinfo.com/images/id/zoom/CUSTOM-ECC001ACPT-03.jpg,https://images.architecturalinfo.com/images/id/zoom/CUSTOM-ECC001ACPT-04.jpg,https://images.architecturalinfo.com/images/id/zoom/CUSTOM-ECC001ACPT-05.jpg,https://images.architecturalinfo.com/images/id/zoom/CUSTOM-ECC001ACPT-06.jpg,https://images.architecturalinfo.com/images/id/zoom/CUSTOM-ECC001ACPT-07.jpg,https://images.architecturalinfo.com/images/id/zoom/CUSTOM-ECC001ACPT-08.jpg,https://images.architecturalinfo.com/images/id/zoom/CUSTOM-ECC001ACPT-16.jpg,https://images.architecturalinfo.com/images/id/zoom/CUSTOM-ECC001ACPT-17.jpg,https://images.architecturalinfo.com/images/id/zoom/CUSTOM-ECC001ACPT-18.jpg,https://images.architecturalinfo.com/images/id/zoom/CUSTOM-ECC001ACPT-20.jpg",Color,Pure Turquoise,12.23,Pounds,1,1,"{""width"":""12,15,18"",""height"":""25,26,27,28,29,30,31,32,33,34,35,36,37,38,39,40,41,42,43,44,45,46,47,48,49,50,51,52,53,54,55,56,57,58,59,60,61,62,63,64,65,66,67,68,69,70,71,72,73,74,75,76,77,78,79,80""}"
variation,ECC001AC,ECC001ACSB,EnduraCore Composite Center Circle Arts & Crafts Shutters,40,"https://images.architecturalinfo.com/images/id/zoom/CUSTOM-ECC001ACSB.jpg,https://images.architecturalinfo.com/images/id/zoom/CUSTOM-ECC001ACSB-01.jpg,https://images.architecturalinfo.com/images/id/zoom/CUSTOM-ECC001ACSB-02.jpg,https://images.architecturalinfo.com/images/id/zoom/CUSTOM-ECC001ACSB-03.jpg,https://images.architecturalinfo.com/images/id/zoom/CUSTOM-ECC001ACSB-04.jpg,https://images.architecturalinfo.com/images/id/zoom/CUSTOM-ECC001ACSB-05.jpg,https://images.architecturalinfo.com/images/id/zoom/CUSTOM-ECC001ACSB-06.jpg,https://images.architecturalinfo.com/images/id/zoom/CUSTOM-ECC001ACSB-07.jpg,https://images.architecturalinfo.com/images/id/zoom/CUSTOM-ECC001ACSB-08.jpg,https://images.architecturalinfo.com/images/id/zoom/CUSTOM-ECC001ACSB-16.jpg,https://images.architecturalinfo.com/images/id/zoom/CUSTOM-ECC001ACSB-17.jpg,https://images.architecturalinfo.com/images/id/zoom/CUSTOM-ECC001ACSB-18.jpg,https://images.architecturalinfo.com/images/id/zoom/CUSTOM-ECC001ACSB-19.jpg,https://images.architecturalinfo.com/images/id/zoom/CUSTOM-ECC001ACSB-20.jpg,https://images.architecturalinfo.com/images/id/zoom/CUSTOM-ECC001ACSB-21.jpg,https://images.architecturalinfo.com/images/id/zoom/CUSTOM-ECC001ACSB-22.jpg","https://images.architecturalinfo.com/images/id/zoom/CUSTOM-ECC001ACSB.jpg,https://images.architecturalinfo.com/images/id/zoom/CUSTOM-ECC001ACSB-01.jpg,https://images.architecturalinfo.com/images/id/zoom/CUSTOM-ECC001ACSB-02.jpg,https://images.architecturalinfo.com/images/id/zoom/CUSTOM-ECC001ACSB-03.jpg,https://images.architecturalinfo.com/images/id/zoom/CUSTOM-ECC001ACSB-04.jpg,https://images.architecturalinfo.com/images/id/zoom/CUSTOM-ECC001ACSB-05.jpg,https://images.architecturalinfo.com/images/id/zoom/CUSTOM-ECC001ACSB-06.jpg,https://images.architecturalinfo.com/images/id/zoom/CUSTOM-ECC001ACSB-07.jpg,https://images.architecturalinfo.com/images/id/zoom/CUSTOM-ECC001ACSB-08.jpg,https://images.architecturalinfo.com/images/id/zoom/CUSTOM-ECC001ACSB-16.jpg,https://images.architecturalinfo.com/images/id/zoom/CUSTOM-ECC001ACSB-17.jpg,https://images.architecturalinfo.com/images/id/zoom/CUSTOM-ECC001ACSB-18.jpg,https://images.architecturalinfo.com/images/id/zoom/CUSTOM-ECC001ACSB-20.jpg",Color,Peaceful Blue,12.23,Pounds,1,1,"{""width"":""12,15,18"",""height"":""25,26,27,28,29,30,31,32,33,34,35,36,37,38,39,40,41,42,43,44,45,46,47,48,49,50,51,52,53,54,55,56,57,58,59,60,61,62,63,64,65,66,67,68,69,70,71,72,73,74,75,76,77,78,79,80""}"
variation,ECC001AC,ECC001ACSG,EnduraCore Composite Center Circle Arts & Crafts Shutters,40,"https://images.architecturalinfo.com/images/id/zoom/CUSTOM-ECC001ACSG.jpg,https://images.architecturalinfo.com/images/id/zoom/CUSTOM-ECC001ACSG-01.jpg,https://images.architecturalinfo.com/images/id/zoom/CUSTOM-ECC001ACSG-02.jpg,https://images.architecturalinfo.com/images/id/zoom/CUSTOM-ECC001ACSG-03.jpg,https://images.architecturalinfo.com/images/id/zoom/CUSTOM-ECC001ACSG-04.jpg,https://images.architecturalinfo.com/images/id/zoom/CUSTOM-ECC001ACSG-05.jpg,https://images.architecturalinfo.com/images/id/zoom/CUSTOM-ECC001ACSG-06.jpg,https://images.architecturalinfo.com/images/id/zoom/CUSTOM-ECC001ACSG-07.jpg,https://images.architecturalinfo.com/images/id/zoom/CUSTOM-ECC001ACSG-08.jpg,https://images.architecturalinfo.com/images/id/zoom/CUSTOM-ECC001ACSG-16.jpg,https://images.architecturalinfo.com/images/id/zoom/CUSTOM-ECC001ACSG-17.jpg,https://images.architecturalinfo.com/images/id/zoom/CUSTOM-ECC001ACSG-18.jpg,https://images.architecturalinfo.com/images/id/zoom/CUSTOM-ECC001ACSG-19.jpg,https://images.architecturalinfo.com/images/id/zoom/CUSTOM-ECC001ACSG-20.jpg,https://images.architecturalinfo.com/images/id/zoom/CUSTOM-ECC001ACSG-21.jpg,https://images.architecturalinfo.com/images/id/zoom/CUSTOM-ECC001ACSG-22.jpg","https://images.architecturalinfo.com/images/id/zoom/CUSTOM-ECC001ACSG.jpg,https://images.architecturalinfo.com/images/id/zoom/CUSTOM-ECC001ACSG-01.jpg,https://images.architecturalinfo.com/images/id/zoom/CUSTOM-ECC001ACSG-02.jpg,https://images.architecturalinfo.com/images/id/zoom/CUSTOM-ECC001ACSG-03.jpg,https://images.architecturalinfo.com/images/id/zoom/CUSTOM-ECC001ACSG-04.jpg,https://images.architecturalinfo.com/images/id/zoom/CUSTOM-ECC001ACSG-05.jpg,https://images.architecturalinfo.com/images/id/zoom/CUSTOM-ECC001ACSG-06.jpg,https://images.architecturalinfo.com/images/id/zoom/CUSTOM-ECC001ACSG-07.jpg,https://images.architecturalinfo.com/images/id/zoom/CUSTOM-ECC001ACSG-08.jpg,https://images.architecturalinfo.com/images/id/zoom/CUSTOM-ECC001ACSG-16.jpg,https://images.architecturalinfo.com/images/id/zoom/CUSTOM-ECC001ACSG-17.jpg,https://images.architecturalinfo.com/images/id/zoom/CUSTOM-ECC001ACSG-18.jpg,https://images.architecturalinfo.com/images/id/zoom/CUSTOM-ECC001ACSG-20.jpg",Color,Seaglass,12.23,Pounds,1,1,"{""width"":""12,15,18"",""height"":""25,26,27,28,29,30,31,32,33,34,35,36,37,38,39,40,41,42,43,44,45,46,47,48,49,50,51,52,53,54,55,56,57,58,59,60,61,62,63,64,65,66,67,68,69,70,71,72,73,74,75,76,77,78,79,80""}"
variation,ECC001AC,ECC001ACSM,EnduraCore Composite Center Circle Arts & Crafts Shutters,40,"https://images.architecturalinfo.com/images/id/zoom/CUSTOM-ECC001ACSM.jpg,https://images.architecturalinfo.com/images/id/zoom/CUSTOM-ECC001ACSM-01.jpg,https://images.architecturalinfo.com/images/id/zoom/CUSTOM-ECC001ACSM-02.jpg,https://images.architecturalinfo.com/images/id/zoom/CUSTOM-ECC001ACSM-03.jpg,https://images.architecturalinfo.com/images/id/zoom/CUSTOM-ECC001ACSM-04.jpg,https://images.architecturalinfo.com/images/id/zoom/CUSTOM-ECC001ACSM-05.jpg,https://images.architecturalinfo.com/images/id/zoom/CUSTOM-ECC001ACSM-06.jpg,https://images.architecturalinfo.com/images/id/zoom/CUSTOM-ECC001ACSM-07.jpg,https://images.architecturalinfo.com/images/id/zoom/CUSTOM-ECC001ACSM-08.jpg,https://images.architecturalinfo.com/images/id/zoom/CUSTOM-ECC001ACSM-16.jpg,https://images.architecturalinfo.com/images/id/zoom/CUSTOM-ECC001ACSM-17.jpg,https://images.architecturalinfo.com/images/id/zoom/CUSTOM-ECC001ACSM-18.jpg,https://images.architecturalinfo.com/images/id/zoom/CUSTOM-ECC001ACSM-19.jpg,https://images.architecturalinfo.com/images/id/zoom/CUSTOM-ECC001ACSM-20.jpg,https://images.architecturalinfo.com/images/id/zoom/CUSTOM-ECC001ACSM-21.jpg,https://images.architecturalinfo.com/images/id/zoom/CUSTOM-ECC001ACSM-22.jpg","https://images.architecturalinfo.com/images/id/zoom/CUSTOM-ECC001ACSM.jpg,https://images.architecturalinfo.com/images/id/zoom/CUSTOM-ECC001ACSM-01.jpg,https://images.architecturalinfo.com/images/id/zoom/CUSTOM-ECC001ACSM-02.jpg,https://images.architecturalinfo.com/images/id/zoom/CUSTOM-ECC001ACSM-03.jpg,https://images.architecturalinfo.com/images/id/zoom/CUSTOM-ECC001ACSM-04.jpg,https://images.architecturalinfo.com/images/id/zoom/CUSTOM-ECC001ACSM-05.jpg,https://images.architecturalinfo.com/images/id/zoom/CUSTOM-ECC001ACSM-06.jpg,https://images.architecturalinfo.com/images/id/zoom/CUSTOM-ECC001ACSM-07.jpg,https://images.architecturalinfo.com/images/id/zoom/CUSTOM-ECC001ACSM-08.jpg,https://images.architecturalinfo.com/images/id/zoom/CUSTOM-ECC001ACSM-16.jpg,https://images.architecturalinfo.com/images/id/zoom/CUSTOM-ECC001ACSM-17.jpg,https://images.architecturalinfo.com/images/id/zoom/CUSTOM-ECC001ACSM-18.jpg,https://images.architecturalinfo.com/images/id/zoom/CUSTOM-ECC001ACSM-20.jpg",Color,Shadow Mountain,12.23,Pounds,1,1,"{""width"":""12,15,18"",""height"":""25,26,27,28,29,30,31,32,33,34,35,36,37,38,39,40,41,42,43,44,45,46,47,48,49,50,51,52,53,54,55,56,57,58,59,60,61,62,63,64,65,66,67,68,69,70,71,72,73,74,75,76,77,78,79,80""}"
variation,ECC001AC,ECC001ACST,EnduraCore Composite Center Circle Arts & Crafts Shutters,40,"https://images.architecturalinfo.com/images/id/zoom/CUSTOM-ECC001ACST.jpg,https://images.architecturalinfo.com/images/id/zoom/CUSTOM-ECC001ACST-01.jpg,https://images.architecturalinfo.com/images/id/zoom/CUSTOM-ECC001ACST-02.jpg,https://images.architecturalinfo.com/images/id/zoom/CUSTOM-ECC001ACST-03.jpg,https://images.architecturalinfo.com/images/id/zoom/CUSTOM-ECC001ACST-04.jpg,https://images.architecturalinfo.com/images/id/zoom/CUSTOM-ECC001ACST-05.jpg,https://images.architecturalinfo.com/images/id/zoom/CUSTOM-ECC001ACST-06.jpg,https://images.architecturalinfo.com/images/id/zoom/CUSTOM-ECC001ACST-07.jpg,https://images.architecturalinfo.com/images/id/zoom/CUSTOM-ECC001ACST-08.jpg,https://images.architecturalinfo.com/images/id/zoom/CUSTOM-ECC001ACST-16.jpg,https://images.architecturalinfo.com/images/id/zoom/CUSTOM-ECC001ACST-17.jpg,https://images.architecturalinfo.com/images/id/zoom/CUSTOM-ECC001ACST-18.jpg,https://images.architecturalinfo.com/images/id/zoom/CUSTOM-ECC001ACST-19.jpg,https://images.architecturalinfo.com/images/id/zoom/CUSTOM-ECC001ACST-20.jpg,https://images.architecturalinfo.com/images/id/zoom/CUSTOM-ECC001ACST-21.jpg,https://images.architecturalinfo.com/images/id/zoom/CUSTOM-ECC001ACST-22.jpg","https://images.architecturalinfo.com/images/id/zoom/CUSTOM-ECC001ACST.jpg,https://images.architecturalinfo.com/images/id/zoom/CUSTOM-ECC001ACST-01.jpg,https://images.architecturalinfo.com/images/id/zoom/CUSTOM-ECC001ACST-02.jpg,https://images.architecturalinfo.com/images/id/zoom/CUSTOM-ECC001ACST-03.jpg,https://images.architecturalinfo.com/images/id/zoom/CUSTOM-ECC001ACST-04.jpg,https://images.architecturalinfo.com/images/id/zoom/CUSTOM-ECC001ACST-05.jpg,https://images.architecturalinfo.com/images/id/zoom/CUSTOM-ECC001ACST-06.jpg,https://images.architecturalinfo.com/images/id/zoom/CUSTOM-ECC001ACST-07.jpg,https://images.architecturalinfo.com/images/id/zoom/CUSTOM-ECC001ACST-08.jpg,https://images.architecturalinfo.com/images/id/zoom/CUSTOM-ECC001ACST-16.jpg,https://images.architecturalinfo.com/images/id/zoom/CUSTOM-ECC001ACST-17.jpg,https://images.architecturalinfo.com/images/id/zoom/CUSTOM-ECC001ACST-18.jpg,https://images.architecturalinfo.com/images/id/zoom/CUSTOM-ECC001ACST-20.jpg",Color,Hailstorm Gray,12.23,Pounds,1,1,"{""width"":""12,15,18"",""height"":""25,26,27,28,29,30,31,32,33,34,35,36,37,38,39,40,41,42,43,44,45,46,47,48,49,50,51,52,53,54,55,56,57,58,59,60,61,62,63,64,65,66,67,68,69,70,71,72,73,74,75,76,77,78,79,80""}"
variation,ECC001AC,ECC001ACTB,EnduraCore Composite Center Circle Arts & Crafts Shutters,40,"https://images.architecturalinfo.com/images/id/zoom/CUSTOM-ECC001ACTB.jpg,https://images.architecturalinfo.com/images/id/zoom/CUSTOM-ECC001ACTB-01.jpg,https://images.architecturalinfo.com/images/id/zoom/CUSTOM-ECC001ACTB-02.jpg,https://images.architecturalinfo.com/images/id/zoom/CUSTOM-ECC001ACTB-03.jpg,https://images.architecturalinfo.com/images/id/zoom/CUSTOM-ECC001ACTB-04.jpg,https://images.architecturalinfo.com/images/id/zoom/CUSTOM-ECC001ACTB-05.jpg,https://images.architecturalinfo.com/images/id/zoom/CUSTOM-ECC001ACTB-06.jpg,https://images.architecturalinfo.com/images/id/zoom/CUSTOM-ECC001ACTB-07.jpg,https://images.architecturalinfo.com/images/id/zoom/CUSTOM-ECC001ACTB-08.jpg,https://images.architecturalinfo.com/images/id/zoom/CUSTOM-ECC001ACTB-16.jpg,https://images.architecturalinfo.com/images/id/zoom/CUSTOM-ECC001ACTB-17.jpg,https://images.architecturalinfo.com/images/id/zoom/CUSTOM-ECC001ACTB-18.jpg,https://images.architecturalinfo.com/images/id/zoom/CUSTOM-ECC001ACTB-19.jpg,https://images.architecturalinfo.com/images/id/zoom/CUSTOM-ECC001ACTB-20.jpg,https://images.architecturalinfo.com/images/id/zoom/CUSTOM-ECC001ACTB-21.jpg,https://images.architecturalinfo.com/images/id/zoom/CUSTOM-ECC001ACTB-22.jpg","https://images.architecturalinfo.com/images/id/zoom/CUSTOM-ECC001ACTB.jpg,https://images.architecturalinfo.com/images/id/zoom/CUSTOM-ECC001ACTB-01.jpg,https://images.architecturalinfo.com/images/id/zoom/CUSTOM-ECC001ACTB-02.jpg,https://images.architecturalinfo.com/images/id/zoom/CUSTOM-ECC001ACTB-03.jpg,https://images.architecturalinfo.com/images/id/zoom/CUSTOM-ECC001ACTB-04.jpg,https://images.architecturalinfo.com/images/id/zoom/CUSTOM-ECC001ACTB-05.jpg,https://images.architecturalinfo.com/images/id/zoom/CUSTOM-ECC001ACTB-06.jpg,https://images.architecturalinfo.com/images/id/zoom/CUSTOM-ECC001ACTB-07.jpg,https://images.architecturalinfo.com/images/id/zoom/CUSTOM-ECC001ACTB-08.jpg,https://images.architecturalinfo.com/images/id/zoom/CUSTOM-ECC001ACTB-16.jpg,https://images.architecturalinfo.com/images/id/zoom/CUSTOM-ECC001ACTB-17.jpg,https://images.architecturalinfo.com/images/id/zoom/CUSTOM-ECC001ACTB-18.jpg,https://images.architecturalinfo.com/images/id/zoom/CUSTOM-ECC001ACTB-20.jpg",Color,Raisin Brown,12.23,Pounds,1,1,"{""width"":""12,15,18"",""height"":""25,26,27,28,29,30,31,32,33,34,35,36,37,38,39,40,41,42,43,44,45,46,47,48,49,50,51,52,53,54,55,56,57,58,59,60,61,62,63,64,65,66,67,68,69,70,71,72,73,74,75,76,77,78,79,80""}"
variation,ECC001AC,ECC001ACTG,EnduraCore Composite Center Circle Arts & Crafts Shutters,40,"https://images.architecturalinfo.com/images/id/zoom/CUSTOM-ECC001ACTG.jpg,https://images.architecturalinfo.com/images/id/zoom/CUSTOM-ECC001ACTG-01.jpg,https://images.architecturalinfo.com/images/id/zoom/CUSTOM-ECC001ACTG-02.jpg,https://images.architecturalinfo.com/images/id/zoom/CUSTOM-ECC001ACTG-03.jpg,https://images.architecturalinfo.com/images/id/zoom/CUSTOM-ECC001ACTG-04.jpg,https://images.architecturalinfo.com/images/id/zoom/CUSTOM-ECC001ACTG-05.jpg,https://images.architecturalinfo.com/images/id/zoom/CUSTOM-ECC001ACTG-06.jpg,https://images.architecturalinfo.com/images/id/zoom/CUSTOM-ECC001ACTG-07.jpg,https://images.architecturalinfo.com/images/id/zoom/CUSTOM-ECC001ACTG-08.jpg,https://images.architecturalinfo.com/images/id/zoom/CUSTOM-ECC001ACTG-16.jpg,https://images.architecturalinfo.com/images/id/zoom/CUSTOM-ECC001ACTG-17.jpg,https://images.architecturalinfo.com/images/id/zoom/CUSTOM-ECC001ACTG-18.jpg,https://images.architecturalinfo.com/images/id/zoom/CUSTOM-ECC001ACTG-19.jpg,https://images.architecturalinfo.com/images/id/zoom/CUSTOM-ECC001ACTG-20.jpg,https://images.architecturalinfo.com/images/id/zoom/CUSTOM-ECC001ACTG-21.jpg,https://images.architecturalinfo.com/images/id/zoom/CUSTOM-ECC001ACTG-22.jpg","https://images.architecturalinfo.com/images/id/zoom/CUSTOM-ECC001ACTG.jpg,https://images.architecturalinfo.com/images/id/zoom/CUSTOM-ECC001ACTG-01.jpg,https://images.architecturalinfo.com/images/id/zoom/CUSTOM-ECC001ACTG-02.jpg,https://images.architecturalinfo.com/images/id/zoom/CUSTOM-ECC001ACTG-03.jpg,https://images.architecturalinfo.com/images/id/zoom/CUSTOM-ECC001ACTG-04.jpg,https://images.architecturalinfo.com/images/id/zoom/CUSTOM-ECC001ACTG-05.jpg,https://images.architecturalinfo.com/images/id/zoom/CUSTOM-ECC001ACTG-06.jpg,https://images.architecturalinfo.com/images/id/zoom/CUSTOM-ECC001ACTG-07.jpg,https://images.architecturalinfo.com/images/id/zoom/CUSTOM-ECC001ACTG-08.jpg,https://images.architecturalinfo.com/images/id/zoom/CUSTOM-ECC001ACTG-16.jpg,https://images.architecturalinfo.com/images/id/zoom/CUSTOM-ECC001ACTG-17.jpg,https://images.architecturalinfo.com/images/id/zoom/CUSTOM-ECC001ACTG-18.jpg,https://images.architecturalinfo.com/images/id/zoom/CUSTOM-ECC001ACTG-20.jpg",Color,Track Green,12.23,Pounds,1,1,"{""width"":""12,15,18"",""height"":""25,26,27,28,29,30,31,32,33,34,35,36,37,38,39,40,41,42,43,44,45,46,47,48,49,50,51,52,53,54,55,56,57,58,59,60,61,62,63,64,65,66,67,68,69,70,71,72,73,74,75,76,77,78,79,80""}"
variation,ECC001AC,ECC001ACTU,EnduraCore Composite Center Circle Arts & Crafts Shutters,40,"https://images.architecturalinfo.com/images/id/zoom/CUSTOM-ECC001ACTU.jpg,https://images.architecturalinfo.com/images/id/zoom/CUSTOM-ECC001ACTU-01.jpg,https://images.architecturalinfo.com/images/id/zoom/CUSTOM-ECC001ACTU-02.jpg,https://images.architecturalinfo.com/images/id/zoom/CUSTOM-ECC001ACTU-03.jpg,https://images.architecturalinfo.com/images/id/zoom/CUSTOM-ECC001ACTU-04.jpg,https://images.architecturalinfo.com/images/id/zoom/CUSTOM-ECC001ACTU-05.jpg,https://images.architecturalinfo.com/images/id/zoom/CUSTOM-ECC001ACTU-06.jpg,https://images.architecturalinfo.com/images/id/zoom/CUSTOM-ECC001ACTU-07.jpg,https://images.architecturalinfo.com/images/id/zoom/CUSTOM-ECC001ACTU-08.jpg,https://images.architecturalinfo.com/images/id/zoom/CUSTOM-ECC001ACTU-16.jpg,https://images.architecturalinfo.com/images/id/zoom/CUSTOM-ECC001ACTU-17.jpg,https://images.architecturalinfo.com/images/id/zoom/CUSTOM-ECC001ACTU-18.jpg,https://images.architecturalinfo.com/images/id/zoom/CUSTOM-ECC001ACTU-19.jpg,https://images.architecturalinfo.com/images/id/zoom/CUSTOM-ECC001ACTU-20.jpg,https://images.architecturalinfo.com/images/id/zoom/CUSTOM-ECC001ACTU-21.jpg,https://images.architecturalinfo.com/images/id/zoom/CUSTOM-ECC001ACTU-22.jpg","https://images.architecturalinfo.com/images/id/zoom/CUSTOM-ECC001ACTU.jpg,https://images.architecturalinfo.com/images/id/zoom/CUSTOM-ECC001ACTU-01.jpg,https://images.architecturalinfo.com/images/id/zoom/CUSTOM-ECC001ACTU-02.jpg,https://images.architecturalinfo.com/images/id/zoom/CUSTOM-ECC001ACTU-03.jpg,https://images.architecturalinfo.com/images/id/zoom/CUSTOM-ECC001ACTU-04.jpg,https://images.architecturalinfo.com/images/id/zoom/CUSTOM-ECC001ACTU-05.jpg,https://images.architecturalinfo.com/images/id/zoom/CUSTOM-ECC001ACTU-06.jpg,https://images.architecturalinfo.com/images/id/zoom/CUSTOM-ECC001ACTU-07.jpg,https://images.architecturalinfo.com/images/id/zoom/CUSTOM-ECC001ACTU-08.jpg,https://images.architecturalinfo.com/images/id/zoom/CUSTOM-ECC001ACTU-16.jpg,https://images.architecturalinfo.com/images/id/zoom/CUSTOM-ECC001ACTU-17.jpg,https://images.architecturalinfo.com/images/id/zoom/CUSTOM-ECC001ACTU-18.jpg,https://images.architecturalinfo.com/images/id/zoom/CUSTOM-ECC001ACTU-20.jpg",Color,Turmeric,12.23,Pounds,1,1,"{""width"":""12,15,18"",""height"":""25,26,27,28,29,30,31,32,33,34,35,36,37,38,39,40,41,42,43,44,45,46,47,48,49,50,51,52,53,54,55,56,57,58,59,60,61,62,63,64,65,66,67,68,69,70,71,72,73,74,75,76,77,78,79,80""}"
variation,ECC001AC,ECC001ACWH,EnduraCore Composite Center Circle Arts & Crafts Shutters,40,"https://images.architecturalinfo.com/images/id/zoom/CUSTOM-ECC001ACWH.jpg,https://images.architecturalinfo.com/images/id/zoom/CUSTOM-ECC001ACWH-01.jpg,https://images.architecturalinfo.com/images/id/zoom/CUSTOM-ECC001ACWH-02.jpg,https://images.architecturalinfo.com/images/id/zoom/CUSTOM-ECC001ACWH-03.jpg,https://images.architecturalinfo.com/images/id/zoom/CUSTOM-ECC001ACWH-04.jpg,https://images.architecturalinfo.com/images/id/zoom/CUSTOM-ECC001ACWH-05.jpg,https://images.architecturalinfo.com/images/id/zoom/CUSTOM-ECC001ACWH-06.jpg,https://images.architecturalinfo.com/images/id/zoom/CUSTOM-ECC001ACWH-07.jpg,https://images.architecturalinfo.com/images/id/zoom/CUSTOM-ECC001ACWH-08.jpg,https://images.architecturalinfo.com/images/id/zoom/CUSTOM-ECC001ACWH-16.jpg,https://images.architecturalinfo.com/images/id/zoom/CUSTOM-ECC001ACWH-17.jpg,https://images.architecturalinfo.com/images/id/zoom/CUSTOM-ECC001ACWH-18.jpg,https://images.architecturalinfo.com/images/id/zoom/CUSTOM-ECC001ACWH-19.jpg,https://images.architecturalinfo.com/images/id/zoom/CUSTOM-ECC001ACWH-20.jpg,https://images.architecturalinfo.com/images/id/zoom/CUSTOM-ECC001ACWH-21.jpg,https://images.architecturalinfo.com/images/id/zoom/CUSTOM-ECC001ACWH-22.jpg","https://images.architecturalinfo.com/images/id/zoom/CUSTOM-ECC001ACWH.jpg,https://images.architecturalinfo.com/images/id/zoom/CUSTOM-ECC001ACWH-01.jpg,https://images.architecturalinfo.com/images/id/zoom/CUSTOM-ECC001ACWH-02.jpg,https://images.architecturalinfo.com/images/id/zoom/CUSTOM-ECC001ACWH-03.jpg,https://images.architecturalinfo.com/images/id/zoom/CUSTOM-ECC001ACWH-04.jpg,https://images.architecturalinfo.com/images/id/zoom/CUSTOM-ECC001ACWH-05.jpg,https://images.architecturalinfo.com/images/id/zoom/CUSTOM-ECC001ACWH-06.jpg,https://images.architecturalinfo.com/images/id/zoom/CUSTOM-ECC001ACWH-07.jpg,https://images.architecturalinfo.com/images/id/zoom/CUSTOM-ECC001ACWH-08.jpg,https://images.architecturalinfo.com/images/id/zoom/CUSTOM-ECC001ACWH-16.jpg,https://images.architecturalinfo.com/images/id/zoom/CUSTOM-ECC001ACWH-17.jpg,https://images.architecturalinfo.com/images/id/zoom/CUSTOM-ECC001ACWH-18.jpg,https://images.architecturalinfo.com/images/id/zoom/CUSTOM-ECC001ACWH-20.jpg",Color,White,12.23,Pounds,1,1,"{""width"":""12,15,18"",""height"":""25,26,27,28,29,30,31,32,33,34,35,36,37,38,39,40,41,42,43,44,45,46,47,48,49,50,51,52,53,54,55,56,57,58,59,60,61,62,63,64,65,66,67,68,69,70,71,72,73,74,75,76,77,78,79,80""}"
variation,ECC001AC,ECC001ACWR,EnduraCore Composite Center Circle Arts & Crafts Shutters,40,"https://images.architecturalinfo.com/images/id/zoom/CUSTOM-ECC001ACWR.jpg,https://images.architecturalinfo.com/images/id/zoom/CUSTOM-ECC001ACWR-01.jpg,https://images.architecturalinfo.com/images/id/zoom/CUSTOM-ECC001ACWR-02.jpg,https://images.architecturalinfo.com/images/id/zoom/CUSTOM-ECC001ACWR-03.jpg,https://images.architecturalinfo.com/images/id/zoom/CUSTOM-ECC001ACWR-04.jpg,https://images.architecturalinfo.com/images/id/zoom/CUSTOM-ECC001ACWR-05.jpg,https://images.architecturalinfo.com/images/id/zoom/CUSTOM-ECC001ACWR-06.jpg,https://images.architecturalinfo.com/images/id/zoom/CUSTOM-ECC001ACWR-07.jpg,https://images.architecturalinfo.com/images/id/zoom/CUSTOM-ECC001ACWR-08.jpg,https://images.architecturalinfo.com/images/id/zoom/CUSTOM-ECC001ACWR-16.jpg,https://images.architecturalinfo.com/images/id/zoom/CUSTOM-ECC001ACWR-17.jpg,https://images.architecturalinfo.com/images/id/zoom/CUSTOM-ECC001ACWR-18.jpg,https://images.architecturalinfo.com/images/id/zoom/CUSTOM-ECC001ACWR-19.jpg,https://images.architecturalinfo.com/images/id/zoom/CUSTOM-ECC001ACWR-20.jpg,https://images.architecturalinfo.com/images/id/zoom/CUSTOM-ECC001ACWR-21.jpg,https://images.architecturalinfo.com/images/id/zoom/CUSTOM-ECC001ACWR-22.jpg","https://images.architecturalinfo.com/images/id/zoom/CUSTOM-ECC001ACWR.jpg,https://images.architecturalinfo.com/images/id/zoom/CUSTOM-ECC001ACWR-01.jpg,https://images.architecturalinfo.com/images/id/zoom/CUSTOM-ECC001ACWR-02.jpg,https://images.architecturalinfo.com/images/id/zoom/CUSTOM-ECC001ACWR-03.jpg,https://images.architecturalinfo.com/images/id/zoom/CUSTOM-ECC001ACWR-04.jpg,https://images.architecturalinfo.com/images/id/zoom/CUSTOM-ECC001ACWR-05.jpg,https://images.architecturalinfo.com/images/id/zoom/CUSTOM-ECC001ACWR-06.jpg,https://images.architecturalinfo.com/images/id/zoom/CUSTOM-ECC001ACWR-07.jpg,https://images.architecturalinfo.com/images/id/zoom/CUSTOM-ECC001ACWR-08.jpg,https://images.architecturalinfo.com/images/id/zoom/CUSTOM-ECC001ACWR-16.jpg,https://images.architecturalinfo.com/images/id/zoom/CUSTOM-ECC001ACWR-17.jpg,https://images.architecturalinfo.com/images/id/zoom/CUSTOM-ECC001ACWR-18.jpg,https://images.architecturalinfo.com/images/id/zoom/CUSTOM-ECC001ACWR-20.jpg",Color,Wine Red,12.23,Pounds,1,1,"{""width"":""12,15,18"",""height"":""25,26,27,28,29,30,31,32,33,34,35,36,37,38,39,40,41,42,43,44,45,46,47,48,49,50,51,52,53,54,55,56,57,58,59,60,61,62,63,64,65,66,67,68,69,70,71,72,73,74,75,76,77,78,79,80""}"
